{
  "beta": 0.1,
  "seed": 123,
  "steps": 200,
  "mean_reward_before": 3.3014644384384155,
  "mean_reward_after": 5.809604167938232,
  "reward_improvement_pct": 75.97052061808998,
  "max_kl": 23.60749053955078,
  "mean_kl_final_20": 18.697708702087404,
  "collapse_detected": true,
  "rewards_curve": [
    1.6016032695770264,
    0.035056911408901215,
    1.1384793519973755,
    1.341245174407959,
    1.7029527425765991,
    1.2115294933319092,
    1.1888107061386108,
    1.9638986587524414,
    0.9740790128707886,
    1.6507974863052368,
    1.5094873905181885,
    2.1838319301605225,
    2.9932212829589844,
    2.8412210941314697,
    2.888392925262451,
    3.335313320159912,
    3.383659601211548,
    3.265305519104004,
    2.03080415725708,
    4.0584330558776855,
    3.6616952419281006,
    4.601555824279785,
    4.309465408325195,
    3.123518466949463,
    4.023480415344238,
    4.609609603881836,
    4.412110328674316,
    4.407262802124023,
    4.345564365386963,
    4.630711555480957,
    4.498586177825928,
    4.6101298332214355,
    4.49778938293457,
    3.806612968444824,
    3.8275575637817383,
    4.567159175872803,
    4.074090003967285,
    3.9997482299804688,
    4.19596004486084,
    4.3587517738342285,
    3.870396852493286,
    3.644412040710449,
    4.123955726623535,
    4.5456342697143555,
    4.289794921875,
    4.2381463050842285,
    4.661133289337158,
    4.533231735229492,
    4.566120147705078,
    4.750519752502441,
    4.676456451416016,
    4.195881366729736,
    5.101322174072266,
    4.9536356925964355,
    4.4808526039123535,
    5.209422588348389,
    4.397763252258301,
    5.0526838302612305,
    4.732990264892578,
    4.535397052764893,
    4.838983535766602,
    4.509837627410889,
    5.048349380493164,
    4.600529670715332,
    4.66569185256958,
    4.789717674255371,
    4.381471633911133,
    5.010122776031494,
    4.765382289886475,
    4.176636695861816,
    4.907821178436279,
    4.466193675994873,
    5.019554138183594,
    4.252255916595459,
    4.549248695373535,
    4.768947124481201,
    4.73612117767334,
    4.786771774291992,
    4.894079685211182,
    4.832319736480713,
    4.660920143127441,
    4.506303310394287,
    4.383433818817139,
    5.454885482788086,
    4.714454174041748,
    4.792258262634277,
    5.698159217834473,
    5.4195733070373535,
    5.46860408782959,
    5.376863956451416,
    4.6514387130737305,
    5.586375713348389,
    5.029506206512451,
    5.127786636352539,
    5.143184661865234,
    4.620550155639648,
    5.284966945648193,
    5.580600738525391,
    5.273290634155273,
    5.2443132400512695,
    4.440512657165527,
    5.077633857727051,
    5.3502912521362305,
    4.8055009841918945,
    5.25759220123291,
    4.806081771850586,
    5.858129501342773,
    5.22295618057251,
    5.275101661682129,
    5.286406517028809,
    4.808979034423828,
    3.8889312744140625,
    4.636198997497559,
    4.806805610656738,
    4.8850626945495605,
    4.753053665161133,
    5.026176452636719,
    5.157622814178467,
    5.076519966125488,
    5.356553554534912,
    5.119513034820557,
    4.801087379455566,
    4.443195343017578,
    4.80991268157959,
    5.175886631011963,
    4.759316444396973,
    4.732554912567139,
    4.823253154754639,
    5.157154560089111,
    5.344544410705566,
    4.986159801483154,
    4.508839130401611,
    5.04548454284668,
    4.858555316925049,
    5.014166831970215,
    4.697096824645996,
    4.852731227874756,
    4.820742607116699,
    5.556781768798828,
    5.016870975494385,
    5.350400924682617,
    5.848361492156982,
    5.521581649780273,
    5.636387825012207,
    5.703696250915527,
    5.679591178894043,
    5.5487871170043945,
    5.79010009765625,
    5.235952854156494,
    5.922103404998779,
    5.99091911315918,
    5.387513160705566,
    5.368098258972168,
    5.6880645751953125,
    5.062607288360596,
    5.379996299743652,
    4.9837646484375,
    5.094547748565674,
    6.137241363525391,
    5.89365291595459,
    5.583731174468994,
    4.506866931915283,
    5.066562652587891,
    5.144628524780273,
    5.638014793395996,
    5.64651346206665,
    5.104439735412598,
    5.089575290679932,
    5.485881805419922,
    5.462560176849365,
    4.657382011413574,
    5.15018367767334,
    5.366941452026367,
    5.132061958312988,
    5.294730186462402,
    4.953676223754883,
    4.705366134643555,
    5.209848403930664,
    4.5602312088012695,
    5.088696479797363,
    5.064766883850098,
    5.08364200592041,
    5.722232341766357,
    5.158211708068848,
    5.315400123596191,
    5.614038467407227,
    4.867232322692871,
    4.764324188232422,
    5.176872730255127,
    5.5847368240356445,
    6.080042839050293,
    5.6596245765686035,
    5.7603888511657715,
    5.085031986236572,
    5.685489654541016,
    5.8871870040893555,
    4.965763092041016,
    5.736215591430664,
    5.535192489624023,
    5.324580669403076
  ],