{
  "beta": 0.2,
  "seed": 42,
  "steps": 200,
  "mean_reward_before": 3.577518272399902,
  "mean_reward_after": 5.6479803085327145,
  "reward_improvement_pct": 57.874254516566346,
  "max_kl": 14.23499870300293,
  "mean_kl_final_20": 9.598618650436402,
  "collapse_detected": false,
  "rewards_curve": [
    1.3623735904693604,
    0.465861052274704,
    1.4061222076416016,
    0.699992299079895,
    0.8508237600326538,
    2.240109443664551,
    0.7846641540527344,
    0.6162355542182922,
    0.29539620876312256,
    1.0503140687942505,
    1.4434152841567993,
    1.0025320053100586,
    0.5519824624061584,
    0.6276755928993225,
    2.7314910888671875,
    1.5680174827575684,
    1.8135013580322266,
    2.147794008255005,
    2.217534303665161,
    1.9722628593444824,
    1.8767306804656982,
    1.7227023839950562,
    2.2279396057128906,
    2.8419930934906006,
    3.3176329135894775,
    2.995575428009033,
    2.6130566596984863,
    3.083552837371826,
    3.6496734619140625,
    3.302753210067749,
    2.9845662117004395,
    2.126274824142456,
    3.435631275177002,
    3.415144205093384,
    3.1834261417388916,
    3.0798206329345703,
    3.215785026550293,
    3.761171340942383,
    2.2903568744659424,
    3.304442882537842,
    3.335893154144287,
    3.5307021141052246,
    2.9096248149871826,
    3.4845495223999023,
    3.1812760829925537,
    2.8808059692382812,
    3.611563205718994,
    3.864088296890259,
    3.898609161376953,
    3.023212432861328,
    2.946706771850586,
    3.1963894367218018,
    3.2544212341308594,
    3.9457602500915527,
    3.6045286655426025,
    4.108620643615723,
    3.1727230548858643,
    3.686807155609131,
    4.304758548736572,
    3.4426698684692383,
    3.284491539001465,
    3.300650119781494,
    3.8196635246276855,
    3.762897491455078,
    3.3063836097717285,
    3.1135482788085938,
    3.9389498233795166,
    2.886857509613037,
    3.8612077236175537,
    4.095076560974121,
    3.7250783443450928,
    3.9570226669311523,
    3.611340045928955,
    3.6221535205841064,
    4.12730598449707,
    4.097705364227295,
    3.814405918121338,
    4.1385297775268555,
    3.9570956230163574,
    3.6243107318878174,
    3.506054162979126,
    3.0666701793670654,
    3.8654870986938477,
    3.4875423908233643,
    4.602294921875,
    3.8762011528015137,
    4.071445465087891,
    4.682989597320557,
    4.536080360412598,
    3.9960455894470215,
    3.527224063873291,
    4.494580268859863,
    4.50790548324585,
    3.9843826293945312,
    3.43406343460083,
    4.015571594238281,
    3.895385265350342,
    3.7095766067504883,
    3.881343364715576,
    4.152451992034912,
    4.099205017089844,
    4.125401973724365,
    4.542698860168457,
    3.5747766494750977,
    4.339685916900635,
    3.7908291816711426,
    3.7256083488464355,
    3.9430959224700928,
    3.6807363033294678,
    3.9365718364715576,
    3.893205404281616,
    3.0510811805725098,
    2.7863926887512207,
    3.7398507595062256,
    4.14183235168457,
    4.110263824462891,
    3.994325637817383,
    3.6995863914489746,
    4.5720319747924805,
    4.5755414962768555,
    4.286072731018066,
    4.559196472167969,
    3.4391510486602783,
    4.424870014190674,
    4.101400852203369,
    4.592049598693848,
    4.618511199951172,
    3.6333351135253906,
    4.776340484619141,
    4.487914085388184,
    3.127661943435669,
    3.981328010559082,
    4.0555830001831055,
    4.13588285446167,
    4.120663166046143,
    3.8417210578918457,
    4.528825759887695,
    3.450645685195923,
    4.47117805480957,
    3.9710278511047363,
    4.7505598068237305,
    3.518280506134033,
    3.244457721710205,
    4.143090724945068,
    3.8724112510681152,
    4.606875419616699,
    4.0857415199279785,
    4.2049102783203125,
    4.847214698791504,
    3.381803512573242,
    4.536736488342285,
    4.119170188903809,
    3.8256278038024902,
    4.208950519561768,
    4.062186241149902,
    3.384514570236206,
    4.215200901031494,
    3.8547446727752686,
    4.148458003997803,
    4.513669967651367,
    4.393786430358887,
    3.726365089416504,
    4.812713623046875,
    4.3358540534973145,
    4.089083194732666,
    4.2127156257629395,
    3.850224018096924,
    3.8998894691467285,
    3.9114882946014404,
    3.919184684753418,
    4.826000213623047,
    3.731464147567749,
    3.7177019119262695,
    3.620126962661743,
    3.8441150188446045,
    3.822376251220703,
    3.8905444145202637,
    3.665220022201538,
    3.6981241703033447,
    3.9706382751464844,
    4.640957355499268,
    3.3810832500457764,
    4.282081127166748,
    4.639407634735107,
    3.6764962673187256,
    4.191917896270752,
    3.8381810188293457,
    4.33955192565918,
    4.192628383636475,
    3.5284745693206787,
    3.9600772857666016,
    4.54531192779541,
    4.351662635803223,
    4.538456439971924,
    4.021556854248047,
    4.009912490844727,
    4.4117536544799805,
    3.754087448120117,
    3.236647129058838,
    4.317863941192627
  ],