{
  "beta": 0.2,
  "seed": 456,
  "steps": 200,
  "mean_reward_before": 3.2216779708862306,
  "mean_reward_after": 5.456811141967774,
  "reward_improvement_pct": 69.37791996413914,
  "max_kl": 14.618681907653809,
  "mean_kl_final_20": 9.331270360946656,
  "collapse_detected": false,
  "rewards_curve": [
    1.131946325302124,
    1.2151117324829102,
    0.5411278605461121,
    1.7629276514053345,
    1.178276538848877,
    1.0919733047485352,
    0.4089580476284027,
    2.1513776779174805,
    1.2571996450424194,
    1.2519235610961914,
    1.6171926259994507,
    0.8717607855796814,
    2.1921439170837402,
    2.0777299404144287,
    1.4629008769989014,
    2.5352587699890137,
    4.044943809509277,
    2.6407053470611572,
    2.6003024578094482,
    2.280930280685425,
    1.929203987121582,
    2.857719898223877,
    3.706850528717041,
    1.844443678855896,
    3.046339273452759,
    2.048947811126709,
    3.0136287212371826,
    1.67405104637146,
    2.312798023223877,
    3.1040773391723633,
    3.2259721755981445,
    3.6443049907684326,
    3.336076259613037,
    3.1758878231048584,
    2.4146931171417236,
    2.939037322998047,
    3.570495843887329,
    4.161634922027588,
    2.8833658695220947,
    2.896867275238037,
    3.8977854251861572,
    3.916022300720215,
    4.087740898132324,
    4.271635055541992,
    3.4322280883789062,
    3.3469839096069336,
    4.14583683013916,
    3.949671506881714,
    3.7931933403015137,
    4.095385551452637,
    4.157818794250488,
    4.04108190536499,
    4.200217247009277,
    3.7075226306915283,
    3.0181093215942383,
    3.5761542320251465,
    3.778285503387451,
    4.028765678405762,
    3.623281478881836,
    4.515354156494141,
    3.75624418258667,
    3.964338779449463,
    4.169732093811035,
    3.884342670440674,
    4.1300368309021,
    3.2013516426086426,
    3.6736841201782227,
    3.746361017227173,
    4.278632640838623,
    3.988084316253662,
    3.3917603492736816,
    3.5610265731811523,
    4.347650527954102,
    3.5668864250183105,
    4.210541725158691,
    4.3105974197387695,
    4.203250885009766,
    4.411022186279297,
    3.873225688934326,
    4.763199806213379,
    3.543461799621582,
    3.8167271614074707,
    4.715131759643555,
    4.418929100036621,
    3.7234065532684326,
    3.6932756900787354,
    4.7051897048950195,
    3.831648588180542,
    3.4950177669525146,
    3.5273120403289795,
    4.172423839569092,
    4.584437847137451,
    4.338839530944824,
    3.528390645980835,
    3.272319793701172,
    4.171236038208008,
    4.241213321685791,
    3.1801798343658447,
    3.811983585357666,
    4.414183616638184,
    4.365060806274414,
    3.606513738632202,
    3.8352484703063965,
    4.172128677368164,
    4.2267255783081055,
    4.1406683921813965,
    4.359724998474121,
    3.7229554653167725,
    4.650874614715576,
    2.8173136711120605,
    5.053713321685791,
    4.736804008483887,
    4.26282262802124,
    4.236508369445801,
    4.423958778381348,
    3.985118865966797,
    4.020545959472656,
    4.225972652435303,
    3.7331724166870117,
    4.562494277954102,
    4.803099632263184,
    4.182971954345703,
    4.231152057647705,
    4.3469014167785645,
    4.256649494171143,
    4.408909320831299,
    3.8230443000793457,
    4.261757850646973,
    4.408525466918945,
    4.653883934020996,
    3.851851224899292,
    3.7066845893859863,
    3.499447822570801,
    3.4956798553466797,
    4.060390472412109,
    4.468822479248047,
    3.7393970489501953,
    4.731454849243164,
    4.46803092956543,
    4.236841678619385,
    4.404778003692627,
    3.8776493072509766,
    4.1598944664001465,
    4.282318115234375,
    3.3371059894561768,
    4.986094951629639,
    4.200644493103027,
    4.0053558349609375,
    3.1011626720428467,
    4.412771224975586,
    4.791626453399658,
    4.420892238616943,
    4.663471221923828,
    4.142022132873535,
    4.985592365264893,
    4.181005954742432,
    3.7166543006896973,
    3.870899200439453,
    4.073824882507324,
    3.812527894973755,
    4.0112199783325195,
    4.191792011260986,
    3.8109657764434814,
    4.099079608917236,
    4.267644882202148,
    3.9825844764709473,
    4.30687141418457,
    4.361955642700195,
    4.1443190574646,
    4.089488983154297,
    3.2155277729034424,
    4.488036155700684,
    4.290209770202637,
    4.584501266479492,
    4.065100193023682,
    4.694688320159912,
    4.460945129394531,
    4.149287700653076,
    3.3346874713897705,
    4.2260589599609375,
    3.938788414001465,
    4.284810543060303,
    4.88674783706665,
    4.086487770080566,
    4.865346908569336,
    5.004115104675293,
    4.223982334136963,
    3.600508451461792,
    5.017172813415527,
    4.434453010559082,
    3.8467257022857666,
    4.163485050201416,
    4.740591049194336,
    3.9404823780059814,
    4.392148494720459,
    3.9200165271759033,
    3.7717790603637695,
    4.327146530151367,
    4.269262790679932,
    3.941760540008545
  ],