{
  "beta": 0.05,
  "seed": 456,
  "steps": 200,
  "mean_reward_before": 3.2216779708862306,
  "mean_reward_after": 10.787007904052734,
  "reward_improvement_pct": 234.82576402888677,
  "max_kl": 67.20585632324219,
  "mean_kl_final_20": 42.341880798339844,
  "collapse_detected": true,
  "rewards_curve": [
    1.131946325302124,
    1.2151117324829102,
    0.4746689200401306,
    1.7347649335861206,
    0.8291966915130615,
    1.5807517766952515,
    1.5550792217254639,
    1.8102912902832031,
    1.1298071146011353,
    0.885263979434967,
    1.5529669523239136,
    1.5739120244979858,
    1.2550193071365356,
    2.142812728881836,
    2.2388134002685547,
    2.4992806911468506,
    3.3554980754852295,
    2.53914213180542,
    2.0131828784942627,
    2.9817752838134766,
    2.5794224739074707,
    3.4595894813537598,
    3.412599802017212,
    3.176241397857666,
    3.752614974975586,
    3.923149585723877,
    3.7963600158691406,
    3.7661948204040527,
    4.0904860496521,
    3.870880603790283,
    4.391848087310791,
    5.567248344421387,
    4.487972736358643,
    5.177971363067627,
    5.323978900909424,
    5.237122058868408,
    4.746328353881836,
    4.8933844566345215,
    4.700006484985352,
    5.242751121520996,
    5.616751670837402,
    4.715559005737305,
    5.434761047363281,
    5.428896903991699,
    4.922419548034668,
    5.336385726928711,
    5.984043121337891,
    5.666470050811768,
    4.713486194610596,
    5.874535083770752,
    5.754338264465332,
    5.8034491539001465,
    5.237698078155518,
    5.1502766609191895,
    5.339943885803223,
    5.344440460205078,
    5.834738731384277,
    5.099605560302734,
    5.5220794677734375,
    5.964705944061279,
    5.6955976486206055,
    5.989105701446533,
    5.435614585876465,
    5.4757585525512695,
    6.462364196777344,
    6.009898662567139,
    5.9850687980651855,
    5.976565837860107,
    6.392033100128174,
    5.709181785583496,
    6.452049255371094,
    5.83894681930542,
    6.016707420349121,
    6.296181678771973,
    6.295334815979004,
    6.636112213134766,
    6.139926910400391,
    6.76572322845459,
    7.045332908630371,
    8.34184455871582,
    8.398445129394531,
    7.040053367614746,
    7.207054138183594,
    8.245515823364258,
    7.235988616943359,
    6.999453544616699,
    8.618746757507324,
    9.357240676879883,
    7.8249664306640625,
    6.9778971672058105,
    7.742180824279785,
    7.198225021362305,
    7.896409034729004,
    9.258549690246582,
    9.538736343383789,
    9.765445709228516,
    8.423176765441895,
    9.55177116394043,
    9.320494651794434,
    9.209175109863281,
    9.828804016113281,
    8.25313949584961,
    8.084307670593262,
    8.913195610046387,
    9.22424030303955,
    9.780447959899902,
    10.04178524017334,
    9.735719680786133,
    9.459737777709961,
    10.219388961791992,
    10.130327224731445,
    9.842681884765625,
    9.142651557922363,
    9.824162483215332,
    10.157247543334961,
    10.399961471557617,
    9.645401000976562,
    9.039087295532227,
    7.0226545333862305,
    7.928490161895752,
    7.861786365509033,
    8.052342414855957,
    8.600021362304688,
    9.465067863464355,
    7.9420294761657715,
    9.56846809387207,
    9.563897132873535,
    9.714559555053711,
    10.13278865814209,
    9.116777420043945,
    10.000370025634766,
    9.212037086486816,
    9.489194869995117,
    9.608434677124023,
    9.720378875732422,
    9.32276725769043,
    9.386293411254883,
    10.405832290649414,
    10.300308227539062,
    9.404831886291504,
    9.807373046875,
    9.31522274017334,
    9.358919143676758,
    10.3642578125,
    9.984641075134277,
    9.979960441589355,
    9.652814865112305,
    10.317497253417969,
    9.06920051574707,
    8.558954238891602,
    10.798901557922363,
    10.1199369430542,
    10.032529830932617,
    10.081472396850586,
    10.614229202270508,
    9.855264663696289,
    9.774008750915527,
    9.68742561340332,
    10.101564407348633,
    10.070760726928711,
    10.081327438354492,
    10.383970260620117,
    10.519516944885254,
    9.428180694580078,
    10.374244689941406,
    9.77921199798584,
    10.325018882751465,
    10.538995742797852,
    10.731998443603516,
    11.053339004516602,
    9.734237670898438,
    10.601136207580566,
    9.781171798706055,
    10.894342422485352,
    10.777935028076172,
    10.76662540435791,
    10.30902099609375,
    10.161433219909668,
    10.8611421585083,
    10.512445449829102,
    10.477392196655273,
    10.04486083984375,
    10.276596069335938,
    9.673051834106445,
    10.975837707519531,
    9.694605827331543,
    10.44462776184082,
    10.214527130126953,
    10.774346351623535,
    10.82314395904541,
    10.519731521606445,
    10.698186874389648,
    10.906373977661133,
    10.20164680480957,
    9.654764175415039,
    10.053312301635742,
    10.768564224243164,
    10.339263916015625,
    10.139703750610352,
    10.587712287902832
  ],