{
  "beta": 0.05,
  "seed": 42,
  "steps": 200,
  "mean_reward_before": 3.577518272399902,
  "mean_reward_after": 9.287589836120606,
  "reward_improvement_pct": 159.6098499848958,
  "max_kl": 43.3218994140625,
  "mean_kl_final_20": 36.41613235473633,
  "collapse_detected": true,
  "rewards_curve": [
    1.3623735904693604,
    0.465861052274704,
    1.1773004531860352,
    0.3548734188079834,
    0.9974024295806885,
    1.2229969501495361,
    1.2055476903915405,
    0.6437999606132507,
    1.460418462753296,
    0.8177695274353027,
    1.881730079650879,
    1.7938623428344727,
    0.42757490277290344,
    1.4014567136764526,
    3.0894551277160645,
    2.9248833656311035,
    2.804075241088867,
    3.286156415939331,
    3.017782688140869,
    2.806575059890747,
    2.3504433631896973,
    2.7031893730163574,
    2.989443063735962,
    3.9590344429016113,
    4.558490753173828,
    3.915252923965454,
    2.7751522064208984,
    4.119868755340576,
    4.6071929931640625,
    4.051648139953613,
    3.475459098815918,
    4.310675144195557,
    4.30529260635376,
    4.617494106292725,
    4.702428817749023,
    4.472413539886475,
    4.566823959350586,
    4.693467617034912,
    4.110084533691406,
    4.211758613586426,
    4.879669189453125,
    3.9428317546844482,
    4.7481231689453125,
    5.1906023025512695,
    4.974815368652344,
    4.33537483215332,
    4.426191329956055,
    4.669400691986084,
    4.843301296234131,
    5.257882118225098,
    5.736952781677246,
    4.347710609436035,
    5.107398986816406,
    4.999105930328369,
    5.092951774597168,
    5.2693939208984375,
    4.333930015563965,
    5.367589950561523,
    5.535668849945068,
    5.913712501525879,
    4.765133380889893,
    5.366379737854004,
    5.593584060668945,
    5.53587532043457,
    4.6625776290893555,
    4.867143630981445,
    5.947022438049316,
    5.232599258422852,
    5.623039245605469,
    5.485850811004639,
    5.366336822509766,
    5.691524505615234,
    5.85930061340332,
    5.695645809173584,
    6.350933074951172,
    6.155344009399414,
    5.913949012756348,
    5.976248264312744,
    5.839734077453613,
    6.439912796020508,
    6.038840293884277,
    5.976296424865723,
    6.61269474029541,
    5.508465766906738,
    5.626922607421875,
    6.412763595581055,
    6.3413567543029785,
    6.541172504425049,
    6.506551742553711,
    6.213887691497803,
    6.6423869132995605,
    7.662732124328613,
    7.962868690490723,
    6.947420597076416,
    8.314663887023926,
    8.33521842956543,
    7.917272567749023,
    8.172802925109863,
    8.973678588867188,
    10.0989990234375,
    9.445968627929688,
    8.371079444885254,
    9.454092979431152,
    9.800230979919434,
    10.654144287109375,
    10.173983573913574,
    10.46156120300293,
    9.196310997009277,
    10.522320747375488,
    9.86716079711914,
    9.837995529174805,
    9.584716796875,
    9.40654468536377,
    10.799036979675293,
    10.20697021484375,
    10.469554901123047,
    10.227960586547852,
    10.58447265625,
    10.023950576782227,
    10.285880088806152,
    10.64199161529541,
    10.03787612915039,
    10.156310081481934,
    10.169231414794922,
    10.546270370483398,
    10.278926849365234,
    10.07105827331543,
    10.539901733398438,
    10.55893325805664,
    10.876605987548828,
    10.430617332458496,
    10.757474899291992,
    9.886398315429688,
    10.83295726776123,
    10.179965019226074,
    10.39845085144043,
    10.625837326049805,
    10.488073348999023,
    11.033370971679688,
    10.69231128692627,
    11.171039581298828,
    10.990046501159668,
    10.830127716064453,
    10.224477767944336,
    11.150857925415039,
    11.25553035736084,
    10.787290573120117,
    11.014286041259766,
    11.452616691589355,
    11.18549919128418,
    10.692991256713867,
    11.241402626037598,
    11.089408874511719,
    10.90913200378418,
    11.348447799682617,
    10.794862747192383,
    10.816760063171387,
    11.142329216003418,
    11.245645523071289,
    11.594639778137207,
    11.368709564208984,
    10.984728813171387,
    10.863836288452148,
    11.226581573486328,
    11.436552047729492,
    11.373785018920898,
    10.699689865112305,
    11.010953903198242,
    11.254758834838867,
    11.301018714904785,
    11.33685302734375,
    11.32259750366211,
    10.85024642944336,
    10.926124572753906,
    11.11789321899414,
    11.252750396728516,
    10.461969375610352,
    10.753910064697266,
    10.692950248718262,
    10.868377685546875,
    11.09605884552002,
    11.233174324035645,
    11.392085075378418,
    11.329648971557617,
    10.720947265625,
    10.917991638183594,
    11.027250289916992,
    11.392102241516113,
    10.49948501586914,
    10.937809944152832,
    11.118736267089844,
    10.366645812988281,
    11.312556266784668,
    11.264177322387695,
    10.603357315063477,
    11.153585433959961,
    11.033873558044434,
    11.204523086547852,
    11.04576301574707,
    11.222200393676758
  ],