{
  "beta": 0.1,
  "seed": 42,
  "steps": 200,
  "mean_reward_before": 3.577518272399902,
  "mean_reward_after": 6.499813365936279,
  "reward_improvement_pct": 81.68498000172391,
  "max_kl": 24.28727912902832,
  "mean_kl_final_20": 17.922405385971068,
  "collapse_detected": true,
  "rewards_curve": [
    1.3623735904693604,
    0.465861052274704,
    1.375483751296997,
    0.28143301606178284,
    0.7849571704864502,
    2.070551872253418,
    0.9800963401794434,
    1.3842471837997437,
    1.163467288017273,
    1.8033889532089233,
    2.1353182792663574,
    2.275413990020752,
    0.6192939281463623,
    1.7494215965270996,
    2.6203808784484863,
    2.0238137245178223,
    2.8010377883911133,
    2.2627344131469727,
    2.3622443675994873,
    2.023221015930176,
    2.2955758571624756,
    2.1874701976776123,
    2.4249000549316406,
    3.392972230911255,
    3.4477176666259766,
    4.1944580078125,
    2.9355077743530273,
    3.0903754234313965,
    3.9498515129089355,
    3.0573558807373047,
    3.487312078475952,
    2.564734697341919,
    3.5286898612976074,
    3.6495590209960938,
    3.738779067993164,
    3.9411637783050537,
    4.313218116760254,
    4.0606794357299805,
    4.201834678649902,
    4.003537178039551,
    3.986300468444824,
    3.750424861907959,
    4.792885780334473,
    4.599639892578125,
    4.772980690002441,
    4.160913944244385,
    4.21074914932251,
    4.580573081970215,
    4.14231538772583,
    4.458759307861328,
    4.787179946899414,
    4.313786506652832,
    4.343073844909668,
    4.13215446472168,
    4.1121416091918945,
    4.211448669433594,
    3.85385799407959,
    3.654703140258789,
    4.984550476074219,
    4.295595169067383,
    4.551847457885742,
    4.062016487121582,
    4.672450542449951,
    4.3400163650512695,
    4.801296234130859,
    4.8481645584106445,
    4.4921875,
    4.8632307052612305,
    5.171884059906006,
    4.563182353973389,
    4.488381385803223,
    5.164834976196289,
    4.4478230476379395,
    4.143256187438965,
    4.887340068817139,
    4.871894836425781,
    4.856653213500977,
    4.661297798156738,
    5.166582107543945,
    3.9263482093811035,
    4.285155773162842,
    4.376188278198242,
    5.129630088806152,
    4.187955379486084,
    4.423023223876953,
    4.495855808258057,
    4.727745056152344,
    5.090334892272949,
    5.059576034545898,
    5.024675369262695,
    4.29221773147583,
    5.052592754364014,
    4.9058990478515625,
    5.009743690490723,
    4.332581996917725,
    4.182145118713379,
    5.019961357116699,
    4.583998680114746,
    5.081329822540283,
    4.634673118591309,
    4.350461959838867,
    4.879214286804199,
    4.927030563354492,
    4.454280853271484,
    5.24547815322876,
    4.311829090118408,
    5.249533176422119,
    4.086029052734375,
    5.080644607543945,
    4.461701393127441,
    5.230534553527832,
    5.020251274108887,
    4.908546447753906,
    5.612037658691406,
    5.473721504211426,
    4.310280799865723,
    4.696974277496338,
    5.6087470054626465,
    5.546499252319336,
    4.8667731285095215,
    5.216880798339844,
    5.0892791748046875,
    4.731780529022217,
    5.346885681152344,
    4.79428768157959,
    5.0284423828125,
    5.602164268493652,
    5.0463032722473145,
    5.767704963684082,
    5.798283576965332,
    4.089941501617432,
    4.790530204772949,
    5.109922409057617,
    4.432377815246582,
    5.356029987335205,
    4.8367133140563965,
    5.612603187561035,
    4.791100025177002,
    5.148467063903809,
    4.867615699768066,
    5.860602855682373,
    5.1465983390808105,
    4.99674654006958,
    5.3495774269104,
    4.865492820739746,
    4.623645305633545,
    5.277094841003418,
    5.0738091468811035,
    5.47767972946167,
    4.6683349609375,
    5.24409294128418,
    4.724684715270996,
    5.557140350341797,
    5.307085037231445,
    4.783975601196289,
    4.80896520614624,
    4.799787998199463,
    4.176342964172363,
    4.321075439453125,
    5.289212703704834,
    4.843963623046875,
    4.314475059509277,
    5.166399002075195,
    5.221643447875977,
    5.73457145690918,
    4.970529556274414,
    4.9392805099487305,
    5.201552867889404,
    4.252774715423584,
    5.136058807373047,
    4.368747711181641,
    5.590191841125488,
    4.725150108337402,
    5.408222198486328,
    5.6123456954956055,
    5.240011692047119,
    4.9756598472595215,
    4.386724472045898,
    4.921290397644043,
    4.53231954574585,
    4.972208023071289,
    4.427098274230957,
    5.060124397277832,
    5.336061954498291,
    5.272021293640137,
    5.042662620544434,
    5.226798057556152,
    5.041755676269531,
    5.621706962585449,
    4.095067024230957,
    5.030765533447266,
    5.454047203063965,
    5.568774223327637,
    5.097766399383545,
    5.55787467956543,
    5.48471212387085,
    4.984280586242676,
    4.990952491760254,
    5.011195659637451,
    5.141881942749023
  ],