{
  "beta": 0.1,
  "seed": 456,
  "steps": 200,
  "mean_reward_before": 3.2216779708862306,
  "mean_reward_after": 5.716238307952881,
  "reward_improvement_pct": 77.43046796937904,
  "max_kl": 24.23196792602539,
  "mean_kl_final_20": 16.440933084487916,
  "collapse_detected": true,
  "rewards_curve": [
    1.131946325302124,
    1.2151117324829102,
    0.4716152846813202,
    2.2407093048095703,
    1.1035971641540527,
    1.5845990180969238,
    1.2959985733032227,
    3.004044532775879,
    1.1395312547683716,
    1.4121100902557373,
    2.3317785263061523,
    2.121021270751953,
    2.332105875015259,
    2.274116039276123,
    3.029096841812134,
    2.181562900543213,
    2.283477783203125,
    2.3457624912261963,
    2.274797201156616,
    2.683695077896118,
    3.7213172912597656,
    3.880086898803711,
    3.545241355895996,
    3.663970470428467,
    3.7937984466552734,
    2.831810474395752,
    3.591397762298584,
    3.591007709503174,
    3.434133768081665,
    3.7469444274902344,
    4.092270374298096,
    4.728160381317139,
    4.032715320587158,
    4.535831928253174,
    4.186093330383301,
    3.787229299545288,
    4.275613307952881,
    3.613759756088257,
    3.6106252670288086,
    4.529653549194336,
    4.091069221496582,
    3.4033801555633545,
    4.459596633911133,
    4.443971633911133,
    4.677699089050293,
    4.633017539978027,
    4.400300025939941,
    5.032490253448486,
    4.60903263092041,
    4.553443431854248,
    4.887573719024658,
    4.650309085845947,
    4.878286361694336,
    3.909752368927002,
    4.532689571380615,
    3.93845272064209,
    4.799134731292725,
    4.636218070983887,
    3.993830442428589,
    4.9976582527160645,
    4.532613277435303,
    5.0131940841674805,
    4.421909332275391,
    4.331009864807129,
    4.669009685516357,
    5.051391124725342,
    4.685774803161621,
    5.118234634399414,
    5.205450057983398,
    4.312431335449219,
    4.540721416473389,
    3.857548713684082,
    5.0691142082214355,
    5.10203742980957,
    4.873964309692383,
    5.386751174926758,
    4.42315149307251,
    4.753238201141357,
    4.494976043701172,
    5.306872844696045,
    4.414536476135254,
    5.017597198486328,
    4.823356628417969,
    4.960845470428467,
    4.396782398223877,
    5.052213668823242,
    4.637020111083984,
    4.870881080627441,
    4.803292751312256,
    4.76693058013916,
    4.807424545288086,
    4.814513206481934,
    5.296989440917969,
    4.921795845031738,
    3.853170156478882,
    5.074478626251221,
    5.074854850769043,
    5.051576614379883,
    4.6740522384643555,
    5.351495265960693,
    5.508514404296875,
    4.795154571533203,
    4.7789626121521,
    4.902836799621582,
    4.548831939697266,
    4.960208892822266,
    5.283415794372559,
    4.878460884094238,
    4.5381999015808105,
    3.925302028656006,
    4.362539291381836,
    4.781345367431641,
    5.171413421630859,
    4.771552085876465,
    5.187316417694092,
    4.658665657043457,
    5.1118011474609375,
    4.601196765899658,
    4.477016448974609,
    5.464736461639404,
    5.1022539138793945,
    5.125706195831299,
    5.287733554840088,
    5.31687068939209,
    5.045575141906738,
    5.584741115570068,
    4.598801136016846,
    5.110454082489014,
    5.185356616973877,
    5.359084606170654,
    4.803139686584473,
    4.940120220184326,
    4.579959392547607,
    4.5710296630859375,
    5.137894153594971,
    5.2736005783081055,
    4.465117454528809,
    4.707583427429199,
    5.624515533447266,
    4.757295608520508,
    4.6926188468933105,
    5.032060623168945,
    5.246731758117676,
    4.816353797912598,
    4.669355392456055,
    5.167507648468018,
    5.599183559417725,
    5.562475681304932,
    4.165006160736084,
    4.869996070861816,
    5.234642505645752,
    5.249138355255127,
    5.637654781341553,
    4.9636993408203125,
    5.388895034790039,
    5.413081169128418,
    4.941586494445801,
    4.55501651763916,
    5.085852146148682,
    4.951510429382324,
    5.159238815307617,
    4.913087844848633,
    4.814003944396973,
    4.729943752288818,
    4.667229652404785,
    4.47128963470459,
    4.466861724853516,
    4.968896389007568,
    5.023007392883301,
    4.786636829376221,
    4.839601516723633,
    5.306982040405273,
    5.161467552185059,
    5.135226249694824,
    4.651340484619141,
    5.320095062255859,
    4.783214569091797,
    4.870949745178223,
    4.56074857711792,
    5.4834184646606445,
    4.8507585525512695,
    4.990333557128906,
    5.566766738891602,
    4.1988396644592285,
    5.867491245269775,
    5.081467628479004,
    5.823481559753418,
    5.627384185791016,
    5.417417049407959,
    5.353008270263672,
    5.017209529876709,
    4.83966588973999,
    5.523728847503662,
    5.136250019073486,
    4.766953468322754,
    4.699475288391113,
    4.449929237365723,
    5.062560558319092,
    5.650710105895996,
    5.019454002380371
  ],