{
  "beta": 0.5,
  "seed": 456,
  "steps": 200,
  "mean_reward_before": 3.2216779708862306,
  "mean_reward_after": 3.9058427810668945,
  "reward_improvement_pct": 21.236287867369708,
  "max_kl": 7.469980716705322,
  "mean_kl_final_20": 4.273736453056335,
  "collapse_detected": false,
  "rewards_curve": [
    1.131946325302124,
    1.2151117324829102,
    0.9426050782203674,
    1.8822957277297974,
    1.4839404821395874,
    0.8516790270805359,
    1.4851514101028442,
    2.4790658950805664,
    1.741058349609375,
    0.0354674756526947,
    1.0317466259002686,
    0.1802084594964981,
    1.4603869915008545,
    2.0648646354675293,
    1.5152323246002197,
    2.1934847831726074,
    2.2472434043884277,
    2.4724974632263184,
    1.1947791576385498,
    2.2155282497406006,
    0.7501715421676636,
    1.3765530586242676,
    1.2449253797531128,
    0.45965754985809326,
    2.30719256401062,
    2.2130236625671387,
    0.7853725552558899,
    2.1388473510742188,
    2.2488596439361572,
    2.3091349601745605,
    1.5044653415679932,
    2.7802979946136475,
    1.7138100862503052,
    2.339359998703003,
    1.3401353359222412,
    2.6541924476623535,
    1.671401858329773,
    2.255549430847168,
    0.5033175945281982,
    2.200639009475708,
    2.772350311279297,
    1.520406723022461,
    2.9754819869995117,
    1.9869719743728638,
    1.6750199794769287,
    2.08433198928833,
    2.760143280029297,
    2.596402168273926,
    2.591919422149658,
    3.190955400466919,
    2.025052070617676,
    2.7501938343048096,
    2.322993755340576,
    1.5978991985321045,
    1.6413246393203735,
    2.126681089401245,
    2.8402082920074463,
    1.6194086074829102,
    2.374457359313965,
    2.409449338912964,
    1.803173542022705,
    3.1186373233795166,
    1.5951874256134033,
    2.0430586338043213,
    2.7981314659118652,
    2.7429208755493164,
    1.8812832832336426,
    2.97006893157959,
    2.9911608695983887,
    2.502389430999756,
    2.753260850906372,
    2.337667942047119,
    2.7215561866760254,
    2.301380157470703,
    1.766869306564331,
    2.7941205501556396,
    2.7399086952209473,
    2.273590087890625,
    3.077327251434326,
    2.2635533809661865,
    1.842513084411621,
    1.871800422668457,
    2.3140573501586914,
    2.5857653617858887,
    2.15417742729187,
    2.7234749794006348,
    3.170724391937256,
    2.9846367835998535,
    2.590820789337158,
    2.1794469356536865,
    2.6588528156280518,
    3.4398746490478516,
    3.608391046524048,
    3.1817493438720703,
    2.6002321243286133,
    1.6890332698822021,
    2.083296775817871,
    2.8178443908691406,
    3.0888161659240723,
    2.5287017822265625,
    2.1378049850463867,
    2.41719913482666,
    1.9093241691589355,
    2.530677318572998,
    2.552666187286377,
    2.8094515800476074,
    3.243039131164551,
    2.2420058250427246,
    2.760928153991699,
    2.1541378498077393,
    2.2874491214752197,
    2.743534564971924,
    2.616666316986084,
    3.377974271774292,
    3.2444257736206055,
    3.303103446960449,
    2.773460865020752,
    2.949861526489258,
    2.6369118690490723,
    2.331723690032959,
    2.84167742729187,
    3.215343475341797,
    2.8114912509918213,
    3.774012327194214,
    3.4227852821350098,
    3.6591413021087646,
    2.2928624153137207,
    3.2575721740722656,
    2.415177822113037,
    2.998037815093994,
    2.485295057296753,
    3.398383855819702,
    3.2471437454223633,
    1.8210022449493408,
    2.50276517868042,
    3.024207353591919,
    1.6416913270950317,
    3.0974700450897217,
    2.674882650375366,
    2.094944477081299,
    2.657813787460327,
    2.7977938652038574,
    3.1238715648651123,
    3.0564136505126953,
    1.9880435466766357,
    3.04392671585083,
    2.843238353729248,
    2.980602741241455,
    2.52518892288208,
    3.0621652603149414,
    2.6251816749572754,
    2.4097657203674316,
    3.002847194671631,
    2.2945780754089355,
    3.573535919189453,
    2.8970205783843994,
    2.8812479972839355,
    2.7407894134521484,
    3.2192165851593018,
    2.7776927947998047,
    3.013610601425171,
    3.1652841567993164,
    3.2731685638427734,
    2.2969467639923096,
    2.4319217205047607,
    2.2476694583892822,
    1.7414932250976562,
    3.417440414428711,
    2.916652202606201,
    3.5719265937805176,
    2.2935807704925537,
    2.846595287322998,
    2.329552173614502,
    3.349483013153076,
    1.8898086547851562,
    3.2353906631469727,
    3.017033576965332,
    2.409396171569824,
    2.2183525562286377,
    3.5747032165527344,
    2.8099782466888428,
    2.5343751907348633,
    2.8771109580993652,
    1.1728935241699219,
    3.1272706985473633,
    3.1720497608184814,
    3.1250123977661133,
    2.2627861499786377,
    2.8033204078674316,
    3.6341958045959473,
    2.5707099437713623,
    2.9350481033325195,
    3.5842695236206055,
    2.2552616596221924,
    2.3653368949890137,
    2.0641772747039795,
    3.618302822113037,
    3.389310359954834,
    2.9143991470336914,
    2.399764060974121
  ],