{
  "beta": 0.5,
  "seed": 42,
  "steps": 200,
  "mean_reward_before": 3.577518272399902,
  "mean_reward_after": 4.476203155517578,
  "reward_improvement_pct": 25.120343550412617,
  "max_kl": 7.5122785568237305,
  "mean_kl_final_20": 4.767521607875824,
  "collapse_detected": false,
  "rewards_curve": [
    1.3623735904693604,
    0.465861052274704,
    1.420317530632019,
    0.16073668003082275,
    1.3720698356628418,
    1.3047202825546265,
    1.4315369129180908,
    1.0491291284561157,
    0.8644006252288818,
    1.5248233079910278,
    1.4969457387924194,
    1.8859412670135498,
    1.3980962038040161,
    0.5242761969566345,
    2.4368231296539307,
    2.253988265991211,
    1.8247854709625244,
    0.42745691537857056,
    0.2681088447570801,
    0.8561495542526245,
    1.523010015487671,
    0.9115042686462402,
    1.8631477355957031,
    1.9326698780059814,
    2.493760108947754,
    1.8849527835845947,
    1.2553143501281738,
    1.8883824348449707,
    2.4887404441833496,
    1.1830847263336182,
    2.1573967933654785,
    1.5359077453613281,
    2.484748363494873,
    3.03633451461792,
    2.192610740661621,
    2.1915159225463867,
    1.5721124410629272,
    1.833890438079834,
    0.9485616087913513,
    1.654181957244873,
    2.4395103454589844,
    1.4934099912643433,
    1.5426069498062134,
    2.593079090118408,
    2.0275309085845947,
    2.335503101348877,
    1.987825632095337,
    3.075803756713867,
    2.5197970867156982,
    2.4887313842773438,
    1.2775707244873047,
    1.6805440187454224,
    2.0693650245666504,
    2.811591386795044,
    1.6225799322128296,
    1.950270175933838,
    0.8531321883201599,
    0.7780734896659851,
    3.480587959289551,
    2.2706637382507324,
    2.187297821044922,
    1.2805500030517578,
    2.1402971744537354,
    2.0088062286376953,
    1.709175944328308,
    1.9613741636276245,
    3.0490097999572754,
    1.2316722869873047,
    2.32021164894104,
    3.2769315242767334,
    1.594545602798462,
    2.264559745788574,
    1.8486292362213135,
    1.9702008962631226,
    2.8965368270874023,
    2.6662726402282715,
    2.376166820526123,
    3.4775948524475098,
    2.974654197692871,
    3.0433566570281982,
    2.3959646224975586,
    2.741189479827881,
    2.8220460414886475,
    2.1582798957824707,
    3.1019906997680664,
    2.359496831893921,
    2.9888017177581787,
    3.569082260131836,
    2.973409652709961,
    2.6536660194396973,
    2.8525638580322266,
    3.0591859817504883,
    3.0302863121032715,
    2.373694896697998,
    2.7038748264312744,
    2.6734249591827393,
    3.042401075363159,
    2.4319822788238525,
    2.601534128189087,
    3.343916416168213,
    2.4442334175109863,
    2.807875633239746,
    2.618624210357666,
    2.3854687213897705,
    3.6945865154266357,
    2.7015810012817383,
    3.2671496868133545,
    2.2824196815490723,
    2.4513001441955566,
    3.065350294113159,
    3.032198905944824,
    2.2175910472869873,
    2.035573720932007,
    2.8800086975097656,
    2.321223258972168,
    2.9761805534362793,
    1.7739710807800293,
    2.863243341445923,
    3.3345232009887695,
    3.0598795413970947,
    3.1783699989318848,
    2.538966655731201,
    2.048334836959839,
    3.333972454071045,
    2.0746922492980957,
    2.6952943801879883,
    3.0231547355651855,
    2.672274589538574,
    2.916806936264038,
    3.383497953414917,
    2.3234543800354004,
    2.675011157989502,
    1.6578181982040405,
    2.102403163909912,
    2.2582881450653076,
    3.306553602218628,
    3.360346555709839,
    2.1649980545043945,
    3.6280782222747803,
    3.3064403533935547,
    3.005354404449463,
    2.372878074645996,
    2.1113977432250977,
    3.2244818210601807,
    2.3364222049713135,
    2.9933218955993652,
    2.864474058151245,
    1.9267536401748657,
    2.816662311553955,
    2.530841827392578,
    3.363205909729004,
    2.4449944496154785,
    2.8673346042633057,
    3.0992271900177,
    3.314800977706909,
    2.1714460849761963,
    2.827296495437622,
    2.628244638442993,
    2.879861354827881,
    2.3359968662261963,
    3.1805055141448975,
    1.826027750968933,
    3.297543525695801,
    2.5399837493896484,
    3.578436851501465,
    3.721468925476074,
    2.1614742279052734,
    2.4763615131378174,
    2.3861331939697266,
    2.9292144775390625,
    2.9702963829040527,
    2.224848985671997,
    2.7181642055511475,
    2.7071425914764404,
    3.2016658782958984,
    3.665816307067871,
    2.473083972930908,
    1.3452030420303345,
    1.7947430610656738,
    2.174412250518799,
    2.6568503379821777,
    2.48569917678833,
    3.8304710388183594,
    3.6089682579040527,
    2.1560604572296143,
    2.671168088912964,
    2.7592759132385254,
    2.8947484493255615,
    2.017881393432617,
    3.062480926513672,
    2.314326524734497,
    3.2741761207580566,
    3.3364739418029785,
    3.4228177070617676,
    1.887070655822754,
    2.694981336593628,
    1.5164356231689453,
    2.915030002593994,
    1.486722469329834,
    2.988858222961426
  ],