{
  "beta": 0.5,
  "seed": 123,
  "steps": 200,
  "mean_reward_before": 3.3014644384384155,
  "mean_reward_after": 4.241932964324951,
  "reward_improvement_pct": 28.486404762934058,
  "max_kl": 8.112998962402344,
  "mean_kl_final_20": 4.519541931152344,
  "collapse_detected": false,
  "rewards_curve": [
    1.6016032695770264,
    0.035056911408901215,
    0.852994441986084,
    0.6824737787246704,
    1.9936437606811523,
    0.4840031564235687,
    1.7486367225646973,
    1.4960460662841797,
    1.5672643184661865,
    1.4889569282531738,
    1.0885987281799316,
    1.9702098369598389,
    1.2506284713745117,
    1.8584868907928467,
    1.7536060810089111,
    1.1283011436462402,
    2.5560989379882812,
    2.568632125854492,
    0.8506220579147339,
    1.0574930906295776,
    2.351438522338867,
    2.169957160949707,
    1.1948925256729126,
    1.0025309324264526,
    1.6328015327453613,
    2.23022723197937,
    2.3617098331451416,
    1.6979491710662842,
    3.034749984741211,
    1.4453167915344238,
    1.5103999376296997,
    2.1919751167297363,
    1.553922176361084,
    1.4151427745819092,
    2.402122974395752,
    3.2494139671325684,
    1.9001655578613281,
    1.4715166091918945,
    1.1821726560592651,
    1.6684128046035767,
    2.1358182430267334,
    1.681538701057434,
    1.6440749168395996,
    1.7820353507995605,
    1.7486770153045654,
    2.0167856216430664,
    1.7777904272079468,
    2.4737162590026855,
    2.031729221343994,
    2.7879693508148193,
    2.4990992546081543,
    1.8068511486053467,
    2.1085195541381836,
    2.659877300262451,
    1.9229929447174072,
    2.4538073539733887,
    2.0597217082977295,
    2.0280559062957764,
    2.642516851425171,
    2.3574376106262207,
    2.7560276985168457,
    0.7926677465438843,
    0.9866688847541809,
    1.9962587356567383,
    1.4680891036987305,
    1.715442419052124,
    1.5234696865081787,
    2.114598035812378,
    2.8320446014404297,
    1.760448694229126,
    2.882254123687744,
    2.621124029159546,
    2.6218552589416504,
    1.7557992935180664,
    1.1619439125061035,
    1.9754732847213745,
    2.61924147605896,
    1.685579776763916,
    1.752060890197754,
    1.454646110534668,
    2.804767608642578,
    1.971880555152893,
    1.8891241550445557,
    2.4231667518615723,
    2.971497058868408,
    2.6966657638549805,
    2.8663737773895264,
    2.12721848487854,
    1.7513606548309326,
    2.3997445106506348,
    1.5164985656738281,
    2.0357885360717773,
    2.1303718090057373,
    2.8772988319396973,
    2.417473554611206,
    2.678518533706665,
    2.776667356491089,
    2.9051480293273926,
    2.827086925506592,
    3.093426465988159,
    2.2921714782714844,
    1.666616439819336,
    2.3405635356903076,
    2.081547737121582,
    2.36221981048584,
    2.44246768951416,
    3.0967583656311035,
    2.6648271083831787,
    3.08935284614563,
    2.9438047409057617,
    2.222832441329956,
    2.188516855239868,
    1.723447561264038,
    2.611332654953003,
    2.9181268215179443,
    1.8889602422714233,
    1.9183326959609985,
    2.8069584369659424,
    2.7629849910736084,
    2.843599557876587,
    2.975296974182129,
    2.91705060005188,
    2.6456797122955322,
    2.282829761505127,
    2.79516339302063,
    2.6642162799835205,
    3.3697338104248047,
    2.7565808296203613,
    2.9081389904022217,
    3.1698660850524902,
    1.9558920860290527,
    2.2389333248138428,
    2.72348690032959,
    1.794293761253357,
    1.3425062894821167,
    2.191822052001953,
    2.1505913734436035,
    2.080033779144287,
    2.479686975479126,
    2.2508301734924316,
    2.0335793495178223,
    2.235719919204712,
    3.54345703125,
    3.1422228813171387,
    2.7324113845825195,
    3.0897531509399414,
    2.9410603046417236,
    2.811058282852173,
    3.146456241607666,
    1.9527125358581543,
    4.139184474945068,
    2.8451056480407715,
    2.3158819675445557,
    2.6514744758605957,
    2.843837022781372,
    2.785038948059082,
    1.9490315914154053,
    2.364269733428955,
    2.235481023788452,
    3.0393362045288086,
    3.4670143127441406,
    1.9417415857315063,
    2.04291033744812,
    2.892033100128174,
    2.951869249343872,
    3.621156692504883,
    1.7547297477722168,
    2.771218776702881,
    2.068120002746582,
    2.183784246444702,
    2.3966481685638428,
    2.367605209350586,
    2.186408519744873,
    2.112302303314209,
    1.5363140106201172,
    3.171067714691162,
    2.563603639602661,
    2.376528024673462,
    2.613429546356201,
    2.754434585571289,
    2.6602048873901367,
    3.0692379474639893,
    2.6022515296936035,
    2.9920544624328613,
    2.519662618637085,
    2.424931049346924,
    2.651667594909668,
    2.243595838546753,
    2.600198268890381,
    2.929464340209961,
    2.851499557495117,
    2.396897315979004,
    2.549274444580078,
    2.6145832538604736,
    2.869431972503662,
    3.314455270767212,
    2.23842191696167,
    3.250082492828369,
    2.9018545150756836,
    3.424262046813965
  ],