{
  "beta": 0.05,
  "seed": 123,
  "steps": 200,
  "mean_reward_before": 3.3014644384384155,
  "mean_reward_after": 8.273225879669189,
  "reward_improvement_pct": 150.5926087916047,
  "max_kl": 46.31604766845703,
  "mean_kl_final_20": 43.495354080200194,
  "collapse_detected": true,
  "rewards_curve": [
    1.6016032695770264,
    0.035056911408901215,
    1.2997791767120361,
    1.6087703704833984,
    1.6607047319412231,
    1.010597825050354,
    1.4891477823257446,
    2.3784255981445312,
    1.4883465766906738,
    1.554425597190857,
    2.0845999717712402,
    2.4412994384765625,
    1.8342264890670776,
    2.784050226211548,
    3.299229145050049,
    3.573301076889038,
    3.8650035858154297,
    3.7498743534088135,
    2.4582560062408447,
    3.403231620788574,
    3.525522470474243,
    3.0369091033935547,
    3.379944324493408,
    3.701150894165039,
    4.599568843841553,
    4.487722396850586,
    4.493059158325195,
    4.086021423339844,
    4.296331405639648,
    4.451903343200684,
    4.157891750335693,
    4.014619827270508,
    4.0605363845825195,
    3.8376693725585938,
    4.189229488372803,
    4.533496379852295,
    4.611405372619629,
    4.86243200302124,
    4.890440940856934,
    4.267298698425293,
    4.715298652648926,
    4.518967151641846,
    5.328021049499512,
    5.964634895324707,
    5.133641242980957,
    5.820255279541016,
    5.508091926574707,
    4.415435791015625,
    5.8014445304870605,
    6.245623588562012,
    6.321713447570801,
    7.42783260345459,
    6.338953018188477,
    6.9670515060424805,
    6.521507263183594,
    8.47287654876709,
    8.81556224822998,
    9.20728874206543,
    10.168294906616211,
    9.408077239990234,
    9.755948066711426,
    10.340556144714355,
    9.817364692687988,
    10.579483032226562,
    9.398477554321289,
    10.068275451660156,
    8.762001991271973,
    10.17961597442627,
    10.272717475891113,
    9.49583911895752,
    10.29587173461914,
    9.320244789123535,
    10.151374816894531,
    9.725433349609375,
    10.239648818969727,
    10.632943153381348,
    10.602688789367676,
    9.95944595336914,
    10.351329803466797,
    9.601150512695312,
    9.988629341125488,
    10.65507984161377,
    10.215246200561523,
    10.676936149597168,
    10.394099235534668,
    10.01179313659668,
    10.78239917755127,
    10.365415573120117,
    10.08365249633789,
    10.004068374633789,
    10.214652061462402,
    10.5073823928833,
    10.967009544372559,
    10.355894088745117,
    9.750833511352539,
    10.434123992919922,
    10.633516311645508,
    10.811883926391602,
    10.71670913696289,
    10.404729843139648,
    10.837929725646973,
    10.541597366333008,
    10.326003074645996,
    10.262778282165527,
    9.58509349822998,
    10.5487699508667,
    10.109010696411133,
    9.50296688079834,
    10.050731658935547,
    11.137207984924316,
    10.749798774719238,
    11.067138671875,
    10.951778411865234,
    10.301643371582031,
    10.797157287597656,
    10.373785972595215,
    11.024715423583984,
    10.477871894836426,
    10.220269203186035,
    9.923093795776367,
    10.645105361938477,
    11.072854995727539,
    10.508255004882812,
    10.914718627929688,
    10.827068328857422,
    11.410280227661133,
    10.379022598266602,
    11.091292381286621,
    11.284906387329102,
    11.219823837280273,
    11.027447700500488,
    10.283790588378906,
    11.463930130004883,
    10.897180557250977,
    11.105607986450195,
    10.457539558410645,
    11.061044692993164,
    10.272881507873535,
    11.13633918762207,
    11.183280944824219,
    10.799214363098145,
    11.179960250854492,
    11.588127136230469,
    10.868961334228516,
    11.559836387634277,
    10.927010536193848,
    11.209245681762695,
    11.524519920349121,
    11.587675094604492,
    11.122844696044922,
    11.59896469116211,
    11.398212432861328,
    11.241178512573242,
    10.905113220214844,
    11.510896682739258,
    11.367863655090332,
    10.981159210205078,
    11.387519836425781,
    11.27492904663086,
    10.188882827758789,
    11.445768356323242,
    11.134293556213379,
    11.322351455688477,
    9.714276313781738,
    11.338425636291504,
    11.302444458007812,
    11.021440505981445,
    10.927641868591309,
    11.32855224609375,
    11.154240608215332,
    11.410100936889648,
    11.550111770629883,
    10.681465148925781,
    11.145790100097656,
    11.451282501220703,
    11.427094459533691,
    11.26998519897461,
    11.492164611816406,
    11.428003311157227,
    11.441438674926758,
    11.509040832519531,
    11.30855941772461,
    11.554845809936523,
    11.055732727050781,
    11.294171333312988,
    11.51644515991211,
    11.400781631469727,
    11.494415283203125,
    11.515090942382812,
    11.450536727905273,
    11.623775482177734,
    10.858036041259766,
    11.50764274597168,
    11.134013175964355,
    11.127126693725586,
    11.726724624633789,
    10.621482849121094,
    11.777406692504883,
    11.63273811340332,
    11.359743118286133
  ],