{
  "beta": 0.2,
  "seed": 123,
  "steps": 200,
  "mean_reward_before": 3.3014644384384155,
  "mean_reward_after": 4.752745246887207,
  "reward_improvement_pct": 43.958698665837325,
  "max_kl": 14.621248245239258,
  "mean_kl_final_20": 9.798887348175048,
  "collapse_detected": false,
  "rewards_curve": [
    1.6016032695770264,
    0.035056911408901215,
    1.039764642715454,
    2.072686195373535,
    1.7405123710632324,
    0.6799566149711609,
    1.4550535678863525,
    1.7175607681274414,
    0.9588450193405151,
    1.898006558418274,
    1.675994873046875,
    1.3922547101974487,
    1.9621456861495972,
    2.7782862186431885,
    2.8119072914123535,
    2.8259835243225098,
    2.18245267868042,
    3.071101188659668,
    1.8966362476348877,
    2.9902842044830322,
    3.679177761077881,
    2.6316802501678467,
    2.836261034011841,
    1.972559928894043,
    2.5378365516662598,
    3.128347635269165,
    3.4201178550720215,
    2.971104860305786,
    3.4362716674804688,
    2.9171338081359863,
    3.748371124267578,
    3.2712559700012207,
    3.46649169921875,
    3.3604869842529297,
    3.846569538116455,
    3.5683374404907227,
    3.3150529861450195,
    3.0280795097351074,
    3.695512294769287,
    3.5667147636413574,
    2.8829450607299805,
    3.4400339126586914,
    4.363629341125488,
    3.4553627967834473,
    3.3573930263519287,
    3.5032482147216797,
    3.36262583732605,
    3.6435160636901855,
    3.634349822998047,
    4.07831335067749,
    3.1681149005889893,
    4.242280006408691,
    4.451442718505859,
    4.041929721832275,
    3.432703733444214,
    3.887225389480591,
    3.498732805252075,
    3.9519641399383545,
    3.5146541595458984,
    4.011297702789307,
    3.8263633251190186,
    2.5569846630096436,
    2.3217759132385254,
    3.1384437084198,
    3.2882609367370605,
    3.5843865871429443,
    4.39567232131958,
    3.9952409267425537,
    4.371094703674316,
    3.706941604614258,
    3.961620807647705,
    3.79032826423645,
    3.9582695960998535,
    3.843139410018921,
    3.376232385635376,
    4.069738388061523,
    3.943110942840576,
    3.222600221633911,
    4.171868324279785,
    3.849076509475708,
    3.438694953918457,
    3.9418258666992188,
    3.1506457328796387,
    4.117308616638184,
    4.226378440856934,
    4.00358772277832,
    4.015018463134766,
    3.4222939014434814,
    4.444453239440918,
    3.651993751525879,
    3.7394657135009766,
    4.520025253295898,
    3.9743616580963135,
    4.589896202087402,
    3.897573471069336,
    3.5175461769104004,
    3.7724714279174805,
    4.367166996002197,
    3.964608907699585,
    3.8987998962402344,
    3.5574183464050293,
    3.8363418579101562,
    3.945483922958374,
    3.532352924346924,
    4.674892902374268,
    3.894394874572754,
    4.6126203536987305,
    3.7266976833343506,
    3.9345648288726807,
    4.58496618270874,
    4.362513542175293,
    3.285595417022705,
    3.81386661529541,
    3.8358027935028076,
    3.975747585296631,
    3.153860092163086,
    3.347046136856079,
    3.153728485107422,
    3.809939384460449,
    4.444057464599609,
    3.986586570739746,
    3.9980714321136475,
    3.5500071048736572,
    3.779965400695801,
    4.152333736419678,
    4.015412330627441,
    4.779727935791016,
    4.450262546539307,
    3.8438568115234375,
    3.9339938163757324,
    2.9424564838409424,
    3.6305429935455322,
    3.709562301635742,
    3.623828887939453,
    3.7172274589538574,
    3.6348373889923096,
    4.010693073272705,
    3.3328864574432373,
    4.057637691497803,
    4.133995056152344,
    3.243875026702881,
    4.449250221252441,
    4.367510795593262,
    4.498063087463379,
    4.166596412658691,
    4.089475631713867,
    3.8634986877441406,
    4.384077548980713,
    4.179019927978516,
    4.156347751617432,
    4.898715496063232,
    3.9243011474609375,
    3.8617804050445557,
    4.389949321746826,
    4.1209516525268555,
    4.672272682189941,
    4.584477424621582,
    4.605437278747559,
    3.8625106811523438,
    4.108832836151123,
    4.617385387420654,
    3.81958270072937,
    3.9112582206726074,
    4.577519416809082,
    4.254437446594238,
    4.864212512969971,
    4.393487453460693,
    4.086025238037109,
    4.472820281982422,
    4.42898416519165,
    3.899975299835205,
    3.9887969493865967,
    4.455336093902588,
    3.938880443572998,
    4.266672134399414,
    3.8835535049438477,
    3.626619815826416,
    4.097470760345459,
    3.8458476066589355,
    3.7771010398864746,
    4.002862930297852,
    4.163689613342285,
    4.057851791381836,
    4.002260684967041,
    3.9190027713775635,
    4.0920209884643555,
    3.575021266937256,
    4.504669189453125,
    3.942387342453003,
    4.703282356262207,
    4.516014099121094,
    4.389002799987793,
    4.3450164794921875,
    4.131879806518555,
    4.4775238037109375,
    4.652584075927734,
    3.31937313079834,
    4.973319053649902,
    4.370664596557617,
    3.927737236022949
  ],